INJECTOR,PRODUCER,ALLOCATION,TAU,TAUP,PRODUCTIVITY,Lo,MODEL,ID,R2,SUBZONE,SIMULATION
BG-1588I,BG-1728P,0.7123210940543924,9.792237634138585,9.725219905545822,0.0,0.9973252247271338,CRMPConstrained,0,0.9700725946672627,LW,TestModel1
BG-1692I,BG-1728P,0.6323285608472436,9.792237634138585,9.725219905545822,0.0,0.9973252247271338,CRMPConstrained,1,0.9700725946672627,LW,TestModel1
BG-1521I,MG-0401P,0.6816544850364018,12.122930829317763,13.0484975639989,7.660258503336326e-15,0.9786100774461909,CRMPConstrained,0,0.969174502791248,LW,TestModel1
MG-0402I,MG-0401P,0.5882793608820249,12.122930829317763,13.0484975639989,7.660258503336326e-15,0.9786100774461909,CRMPConstrained,1,0.969174502791248,LW,TestModel1
