Well,Flow_Rate,Type,Completion_ID,Min_Econ_Rate,Max_Rate
P1,1667.7490349205143,PROD,WARA1,0.1,25896.3
P2,2142.6984058221624,PROD,WARA1,0.1,25896.3
P3,1699.8327056410176,PROD,WARA1,0.1,25896.3
P4,1930.08396452193,PROD,WARA1,0.1,25896.3
I1,2562.0,INJ,WARA1,0.1,5896.3
I2,1036.0,INJ,WARA1,0.1,5896.3
I3,1374.0,INJ,WARA1,0.1,5896.3
I4,1055.0,INJ,WARA1,0.1,5896.3
I5,1429.0,INJ,WARA1,0.1,5896.3
